Kode,Nama,Sektor,Syariah
AALI,Astra Agro Lestari Tbk.,Consumer Non-Cyclicals,True
ABBA,Mahaka Media Tbk.,Consumer Cyclicals,False
ABDA,Asuransi Bina Dana Arta Tbk.,Financials,False
ABMM,ABM Investama Tbk.,Energy,True
ACES,Aspirasi Hidup Indonesia Tbk.,Consumer Cyclicals,True
ACST,Acset Indonusa Tbk.,Infrastructures,True
ADES,Akasha Wira International Tbk.,Consumer Non-Cyclicals,True
ADHI,Adhi Karya (Persero) Tbk.,Infrastructures,True
AISA,FKS Food Sejahtera Tbk.,Consumer Non-Cyclicals,True
AKKU,Anugerah Kagum Karya Utama Tbk,Consumer Cyclicals,True
AKPI,Argha Karya Prima Industry Tbk,Basic Materials,True
AKRA,AKR Corporindo Tbk.,Energy,True
AKSI,Mineral Sumberdaya Mandiri Tbk,Transportation & Logistic,True
ALDO,Alkindo Naratama Tbk.,Basic Materials,True
ALKA,Alakasa Industrindo Tbk,Basic Materials,True
ALMI,Alumindo Light Metal Industry ,Basic Materials,False
ALTO,Tri Banyan Tirta Tbk.,Consumer Non-Cyclicals,False
AMAG,Asuransi Multi Artha Guna Tbk.,Financials,False
AMFG,Asahimas Flat Glass Tbk.,Industrials,True
AMIN,Ateliers Mecaniques D Indonesi,Industrials,True
AMRT,Sumber Alfaria Trijaya Tbk.,Consumer Non-Cyclicals,False
ANJT,Austindo Nusantara Jaya Tbk.,Consumer Non-Cyclicals,True
ANTM,ANTAM (Persero) Tbk.,Basic Materials,True
APEX,Apexindo Pratama Duta Tbk.,Energy,False
APIC,Pacific Strategic Financial Tb,Financials,False
APII,Arita Prima Indonesia Tbk.,Industrials,True
APLI,Asiaplast Industries Tbk.,Basic Materials,True
APLN,Agung Podomoro Land Tbk.,Properties & Real Estate,True
ARGO,Argo Pantes Tbk,Properties & Real Estate,True
ARII,Atlas Resources Tbk.,Energy,True
ARNA,Arwana Citramulia Tbk.,Industrials,True
ARTA,Arthavest Tbk,Consumer Cyclicals,True
ARTI,Ratu Prabu Energi Tbk,Energy,False
ARTO,Bank Jago Tbk.,Financials,False
ASBI,Asuransi Bintang Tbk.,Financials,False
ASDM,Asuransi Dayin Mitra Tbk.,Financials,False
ASGR,Astra Graphia Tbk.,Industrials,True
ASII,Astra International Tbk.,Industrials,True
ASJT,Asuransi Jasa Tania Tbk.,Financials,False
ASMI,Asuransi Maximus Graha Persada,Financials,False
ASRI,Alam Sutera Realty Tbk.,Properties & Real Estate,True
ASRM,Asuransi Ramayana Tbk.,Financials,False
ASSA,Adi Sarana Armada Tbk.,Transportation & Logistic,True
ATIC,Anabatic Technologies Tbk.,Technology,True
AUTO,Astra Otoparts Tbk.,Consumer Cyclicals,True
BABP,Bank MNC Internasional Tbk.,Financials,False
BACA,Bank Capital Indonesia Tbk.,Financials,False
BAJA,Saranacentral Bajatama Tbk.,Basic Materials,False
BALI,Bali Towerindo Sentra Tbk.,Infrastructures,True
BAPA,Bekasi Asri Pemula Tbk.,Properties & Real Estate,False
BATA,Sepatu Bata Tbk.,Consumer Cyclicals,True
BAYU,Bayu Buana Tbk,Consumer Cyclicals,True
BBCA,Bank Central Asia Tbk.,Financials,False
BBHI,Allo Bank Indonesia Tbk.,Financials,False
BBKP,Bank KB Indonesia Tbk.,Financials,False
BBLD,Buana Finance Tbk.,Financials,False
BBMD,Bank Mestika Dharma Tbk.,Financials,False
BBNI,Bank Negara Indonesia (Persero,Financials,False
BBRI,Bank Rakyat Indonesia (Persero,Financials,False
BBRM,Pelayaran Nasional Bina Buana ,Energy,True
BBTN,Bank Tabungan Negara (Persero),Financials,False
BBYB,Bank Neo Commerce Tbk.,Financials,False
BCAP,MNC Kapital Indonesia Tbk.,Financials,False
BCIC,Bank JTrust Indonesia Tbk.,Financials,False
BCIP,Bumi Citra Permai Tbk.,Properties & Real Estate,True
BDMN,Bank Danamon Indonesia Tbk.,Financials,False
BEKS,Bank Pembangunan Daerah Banten,Financials,False
BEST,Bekasi Fajar Industrial Estate,Properties & Real Estate,True
BFIN,BFI Finance  Indonesia Tbk.,Financials,False
BGTG,Bank Ganesha Tbk.,Financials,False
BHIT,MNC Asia Holding Tbk.,Industrials,False
BIKA,Binakarya Jaya Abadi Tbk.,Properties & Real Estate,False
BIMA,Primarindo Asia Infrastructure,Consumer Cyclicals,False
BINA,Bank Ina Perdana Tbk.,Financials,False
BIPI,Astrindo Nusantara Infrastrukt,Energy,False
BIPP,Bhuwanatala Indah Permai Tbk.,Properties & Real Estate,True
BIRD,Blue Bird Tbk.,Transportation & Logistic,True
BISI,BISI International Tbk.,Consumer Non-Cyclicals,True
BJBR,Bank Pembangunan Daerah Jawa B,Financials,False
BJTM,Bank Pembangunan Daerah Jawa T,Financials,False
BKDP,Bukit Darmo Property Tbk,Properties & Real Estate,True
BKSL,Sentul City Tbk.,Properties & Real Estate,True
BKSW,Bank QNB Indonesia Tbk.,Financials,False
BLTA,Berlian Laju Tanker Tbk,Transportation & Logistic,True
BLTZ,Graha Layar Prima Tbk.,Consumer Cyclicals,True
BMAS,Bank Kasikorn Indonesia Tbk.,Financials,False
BMRI,Bank Mandiri (Persero) Tbk.,Financials,False
BMSR,Bintang Mitra Semestaraya Tbk,Basic Materials,True
BMTR,Global Mediacom Tbk.,Consumer Cyclicals,True
BNBA,Bank Bumi Arta Tbk.,Financials,False
BNBR,Bakrie & Brothers Tbk,Industrials,True
BNGA,Bank CIMB Niaga Tbk.,Financials,False
BNII,Bank Maybank Indonesia Tbk.,Financials,False
BNLI,Bank Permata Tbk.,Financials,False
BOLT,Garuda Metalindo Tbk.,Consumer Cyclicals,True
BPFI,Woori Finance Indonesia Tbk.,Financials,False
BPII,Batavia Prosperindo Internasio,Financials,False
BRAM,Indo Kordsa Tbk.,Consumer Cyclicals,True
BRMS,Bumi Resources Minerals Tbk.,Basic Materials,True
BRNA,Berlina Tbk.,Basic Materials,True
BRPT,Barito Pacific Tbk.,Basic Materials,True
BSDE,Bumi Serpong Damai Tbk.,Properties & Real Estate,True
BSIM,Bank Sinarmas Tbk.,Financials,False
BSSR,Baramulti Suksessarana Tbk.,Energy,True
BSWD,Bank Of India Indonesia Tbk.,Financials,False
BTEK,Bumi Teknokultura Unggul Tbk,Consumer Non-Cyclicals,False
BTEL,Bakrie Telecom Tbk.,Infrastructures,False
BTON,Betonjaya Manunggal Tbk.,Basic Materials,False
BTPN,Bank SMBC Indonesia Tbk.,Financials,False
BUDI,Budi Starch & Sweetener Tbk.,Consumer Non-Cyclicals,True
BUKK,Bukaka Teknik Utama Tbk.,Infrastructures,True
BULL,Buana Lintas Lautan Tbk.,Energy,True
BUMI,Bumi Resources Tbk.,Energy,True
BUVA,Bukit Uluwatu Villa Tbk.,Consumer Cyclicals,True
BVIC,Bank Victoria International Tb,Financials,False
BWPT,Eagle High Plantations Tbk.,Consumer Non-Cyclicals,True
BYAN,Bayan Resources Tbk.,Energy,True
CANI,Capitol Nusantara Indonesia Tb,Energy,True
CASS,Cahaya Aero Services Tbk.,Infrastructures,True
CEKA,Wilmar Cahaya Indonesia Tbk.,Consumer Non-Cyclicals,True
CENT,Centratama Telekomunikasi Indo,Infrastructures,False
CFIN,Clipan Finance Indonesia Tbk.,Financials,False
CINT,Chitose Internasional Tbk.,Consumer Cyclicals,True
CITA,Cita Mineral Investindo Tbk.,Basic Materials,True
CLPI,Colorpak Indonesia Tbk.,Basic Materials,True
CMNP,Citra Marga Nusaphala Persada ,Infrastructures,True
CMPP,AirAsia Indonesia Tbk.,Transportation & Logistic,True
CNKO,Exploitasi Energi Indonesia Tb,Energy,True
COWL,Cowell Development Tbk.,Properties & Real Estate,False
CPIN,Charoen Pokphand Indonesia Tbk,Consumer Non-Cyclicals,True
CPRO,Central Proteina Prima Tbk.,Consumer Non-Cyclicals,True
CSAP,Catur Sentosa Adiprana Tbk.,Consumer Cyclicals,True
CTBN,Citra Tubindo Tbk.,Basic Materials,True
CTRA,Ciputra Development Tbk.,Properties & Real Estate,True
CTTH,Citatah Tbk.,Industrials,False
DART,Duta Anggada Realty Tbk.,Properties & Real Estate,False
DEFI,Danasupra Erapacific Tbk.,Financials,True
DEWA,Darma Henwa Tbk,Energy,True
DGIK,Nusa Konstruksi Enjiniring Tbk,Infrastructures,True
DILD,Intiland Development Tbk.,Properties & Real Estate,True
DKFT,Central Omega Resources Tbk.,Basic Materials,True
DLTA,Delta Djakarta Tbk.,Consumer Non-Cyclicals,False
DMAS,Puradelta Lestari Tbk.,Properties & Real Estate,True
DNAR,Bank Oke Indonesia Tbk.,Financials,False
DNET,Indoritel Makmur Internasional,Financials,False
DOID,BUMA Internasional Grup Tbk.,Energy,False
DPNS,Duta Pertiwi Nusantara Tbk.,Basic Materials,False
DSFI,Dharma Samudera Fishing Indust,Consumer Non-Cyclicals,True
DSNG,Dharma Satya Nusantara Tbk.,Consumer Non-Cyclicals,True
DSSA,Dian Swastatika Sentosa Tbk,Energy,True
DUTI,Duta Pertiwi Tbk,Properties & Real Estate,True
DVLA,Darya-Varia Laboratoria Tbk.,Healthcare,True
DYAN,Dyandra Media International Tb,Industrials,True
ECII,Electronic City Indonesia Tbk.,Consumer Cyclicals,True
EKAD,Ekadharma International Tbk.,Basic Materials,True
ELSA,Elnusa Tbk.,Energy,True
ELTY,Bakrieland Development Tbk.,Properties & Real Estate,True
EMDE,Megapolitan Developments Tbk.,Properties & Real Estate,True
EMTK,Elang Mahkota Teknologi Tbk.,Technology,False
ENRG,Energi Mega Persada Tbk.,Energy,True
EPMT,Enseval Putera Megatrading Tbk,Consumer Non-Cyclicals,True
ERAA,Erajaya Swasembada Tbk.,Consumer Cyclicals,True
ERTX,Eratex Djaja Tbk.,Consumer Cyclicals,True
ESSA,ESSA Industries Indonesia Tbk.,Basic Materials,True
ESTI,Ever Shine Tex Tbk.,Consumer Cyclicals,False
ETWA,Eterindo Wahanatama Tbk,Basic Materials,False
EXCL,XLSMART Telecom Sejahtera Tbk.,Infrastructures,True
FAST,Fast Food Indonesia Tbk.,Consumer Cyclicals,True
FASW,Fajar Surya Wisesa Tbk.,Basic Materials,True
FISH,FKS Multi Agro Tbk.,Consumer Non-Cyclicals,True
FMII,Fortune Mate Indonesia Tbk,Properties & Real Estate,True
FORU,Fortune Indonesia Tbk,Consumer Cyclicals,False
FPNI,Lotte Chemical Titan Tbk.,Basic Materials,True
GAMA,Aksara Global Development Tbk.,Properties & Real Estate,False
GDST,Gunawan Dianjaya Steel Tbk.,Basic Materials,True
GDYR,Goodyear Indonesia Tbk.,Consumer Cyclicals,True
GEMA,Gema Grahasarana Tbk.,Consumer Cyclicals,True
GEMS,Golden Energy Mines Tbk.,Energy,True
GGRM,Gudang Garam Tbk.,Consumer Non-Cyclicals,False
GIAA,Garuda Indonesia (Persero) Tbk,Transportation & Logistic,True
GJTL,Gajah Tunggal Tbk.,Consumer Cyclicals,True
GLOB,Globe Kita Terang Tbk.,Consumer Cyclicals,False
GMTD,Gowa Makassar Tourism Developm,Properties & Real Estate,True
GOLD,Visi Telekomunikasi Infrastruk,Infrastructures,True
GOLL,Golden Plantation Tbk.,Consumer Non-Cyclicals,False
GPRA,Perdana Gapuraprima Tbk.,Properties & Real Estate,True
GSMF,Equity Development Investment ,Financials,False
GTBO,Garda Tujuh Buana Tbk,Energy,True
GWSA,Greenwood Sejahtera Tbk.,Consumer Cyclicals,True
GZCO,Gozco Plantations Tbk.,Consumer Non-Cyclicals,True
HADE,Himalaya Energi Perkasa Tbk.,Infrastructures,True
HDFA,Radana Bhaskara Finance Tbk.,Financials,False
HERO,DFI Retail Nusantara Tbk.,Consumer Non-Cyclicals,True
HEXA,Hexindo Adiperkasa Tbk.,Industrials,True
HITS,Humpuss Intermoda Transportasi,Energy,True
HMSP,H.M. Sampoerna Tbk.,Consumer Non-Cyclicals,False
HOME,Hotel Mandarine Regency Tbk.,Consumer Cyclicals,False
HOTL,Saraswati Griya Lestari Tbk.,Consumer Cyclicals,False
HRUM,Harum Energy Tbk.,Basic Materials,True
IATA,Karya Pacific Energy Tbk.,Energy,True
IBFN,Intan Baru Prana Tbk.,Industrials,False
IBST,Inti Bangun Sejahtera Tbk.,Infrastructures,True
ICBP,Indofood CBP Sukses Makmur Tbk,Consumer Non-Cyclicals,True
ICON,Island Concepts Indonesia Tbk.,Industrials,True
IGAR,Champion Pacific Indonesia Tbk,Basic Materials,True
IIKP,Inti Agri Resources Tbk,Consumer Cyclicals,True
IKAI,Intikeramik Alamasri Industri ,Industrials,True
IKBI,Sumi Indo Kabel Tbk.,Industrials,True
IMAS,Indomobil Sukses Internasional,Consumer Cyclicals,False
IMJS,Indomobil Multi Jasa Tbk.,Transportation & Logistic,False
IMPC,Impack Pratama Industri Tbk.,Industrials,True
INAF,Indofarma Tbk.,Healthcare,False
INAI,Indal Aluminium Industry Tbk.,Basic Materials,False
INCI,Intanwijaya Internasional Tbk,Basic Materials,True
INCO,Vale Indonesia Tbk.,Basic Materials,True
INDF,Indofood Sukses Makmur Tbk.,Consumer Non-Cyclicals,True
INDR,Indo-Rama Synthetics Tbk.,Consumer Cyclicals,True
INDS,Indospring Tbk.,Consumer Cyclicals,True
INDX,Tanah Laut Tbk,Industrials,True
INDY,Indika Energy Tbk.,Energy,True
INKP,Indah Kiat Pulp & Paper Tbk.,Basic Materials,True
INPC,Bank Artha Graha Internasional,Financials,False
INPP,Indonesian Paradise Property T,Properties & Real Estate,True
INRU,Toba Pulp Lestari Tbk.,Basic Materials,False
INTA,Intraco Penta Tbk.,Industrials,False
INTD,Inter Delta Tbk,Basic Materials,True
INTP,Indocement Tunggal Prakarsa Tb,Basic Materials,True
IPOL,Indopoly Swakarsa Industry Tbk,Basic Materials,True
ISAT,Indosat Tbk.,Infrastructures,True
ISSP,Steel Pipe Industry of Indones,Basic Materials,True
ITMA,Sumber Energi Andalan Tbk.,Energy,True
ITMG,Indo Tambangraya Megah Tbk.,Energy,True
JAWA,Jaya Agra Wattie Tbk.,Consumer Non-Cyclicals,True
JECC,Jembo Cable Company Tbk.,Industrials,True
JIHD,Jakarta International Hotels &,Consumer Cyclicals,True
JKON,Jaya Konstruksi Manggala Prata,Infrastructures,True
JPFA,Japfa Comfeed Indonesia Tbk.,Consumer Non-Cyclicals,True
JRPT,Jaya Real Property Tbk.,Properties & Real Estate,True
JSMR,Jasa Marga (Persero) Tbk.,Infrastructures,True
JSPT,Jakarta Setiabudi Internasiona,Consumer Cyclicals,True
JTPE,Jasuindo Tiga Perkasa Tbk.,Industrials,True
KAEF,Kimia Farma Tbk.,Healthcare,False
KARW,Meratus Jasa Prima Tbk.,Infrastructures,True
KBLI,KMI Wire & Cable Tbk.,Industrials,True
KBLM,Kabelindo Murni Tbk.,Industrials,True
KBLV,First Media Tbk.,Infrastructures,False
KBRI,Kertas Basuki Rachmat Indonesi,Basic Materials,False
KDSI,Kedawung Setia Industrial Tbk.,Basic Materials,True
KIAS,Keramika Indonesia Assosiasi T,Industrials,True
KICI,Kedaung Indah Can Tbk,Consumer Cyclicals,True
KIJA,Kawasan Industri Jababeka Tbk.,Properties & Real Estate,True
KKGI,Resource Alam Indonesia Tbk.,Energy,True
KLBF,Kalbe Farma Tbk.,Healthcare,True
KOBX,Kobexindo Tractors Tbk.,Industrials,True
KOIN,Kokoh Inti Arebama Tbk,Industrials,True
KONI,Perdana Bangun Pusaka Tbk,Industrials,True
KOPI,Mitra Energi Persada Tbk.,Energy,True
KPIG,MNC Tourism Indonesia Tbk.,Consumer Cyclicals,True
KRAS,Krakatau Steel (Persero) Tbk.,Basic Materials,False
KREN,Quantum Clovera Investama Tbk.,Technology,True
LAPD,Leyand International Tbk.,Consumer Non-Cyclicals,False
LCGP,Eureka Prima Jakarta Tbk.,Properties & Real Estate,False
LEAD,Logindo Samudramakmur Tbk.,Energy,False
LINK,Link Net Tbk.,Infrastructures,False
LION,Lion Metal Works Tbk.,Industrials,True
LMAS,Limas Indonesia Makmur Tbk,Technology,False
LMPI,Langgeng Makmur Industri Tbk.,Consumer Cyclicals,True
LMSH,Lionmesh Prima Tbk.,Basic Materials,True
LPCK,Lippo Cikarang Tbk,Properties & Real Estate,True
LPGI,Lippo General Insurance Tbk.,Financials,False
LPIN,Multi Prima Sejahtera Tbk,Consumer Cyclicals,True
LPKR,Lippo Karawaci Tbk.,Properties & Real Estate,True
LPLI,Star Pacific Tbk,Properties & Real Estate,True
LPPF,MDS Retailing Tbk.,Consumer Cyclicals,True
LPPS,Lenox Pasifik Investama Tbk.,Financials,False
LRNA,Eka Sari Lorena Transport Tbk.,Transportation & Logistic,True
LSIP,PP London Sumatra Indonesia Tb,Consumer Non-Cyclicals,True
LTLS,Lautan Luas Tbk.,Basic Materials,True
MAGP,Multi Agro Gemilang Plantation,Consumer Non-Cyclicals,False
MAIN,Malindo Feedmill Tbk.,Consumer Non-Cyclicals,True
MAPI,Mitra Adiperkasa Tbk.,Consumer Cyclicals,True
MAYA,Bank Mayapada Internasional Tb,Financials,False
MBAP,Mitrabara Adiperdana Tbk.,Energy,True
MBSS,Mitrabahtera Segara Sejati Tbk,Energy,False
MBTO,Martina Berto Tbk.,Consumer Non-Cyclicals,True
MCOR,Bank China Construction Bank I,Financials,False
MDIA,Intermedia Capital Tbk.,Consumer Cyclicals,True
MDKA,Merdeka Copper Gold Tbk.,Basic Materials,True
MDLN,Modernland Realty Tbk.,Properties & Real Estate,False
MDRN,Modern Internasional Tbk.,Industrials,False
MEDC,Medco Energi Internasional Tbk,Energy,True
MEGA,Bank Mega Tbk.,Financials,False
MERK,Merck Tbk.,Healthcare,True
META,Nusantara Infrastructure Tbk.,Infrastructures,True
MFMI,Multifiling Mitra Indonesia Tb,Industrials,True
MGNA,Magna Investama Mandiri Tbk.,Consumer Cyclicals,True
MICE,Multi Indocitra Tbk.,Consumer Cyclicals,True
MIDI,Midi Utama Indonesia Tbk.,Consumer Non-Cyclicals,True
MIKA,Mitra Keluarga Karyasehat Tbk.,Healthcare,True
MIRA,Mitra International Resources ,Transportation & Logistic,True
MITI,Mitra Investindo Tbk.,Transportation & Logistic,True
MKPI,Metropolitan Kentjana Tbk.,Properties & Real Estate,True
MLBI,Multi Bintang Indonesia Tbk.,Consumer Non-Cyclicals,False
MLIA,Mulia Industrindo Tbk,Industrials,True
MLPL,Multipolar Tbk.,Consumer Non-Cyclicals,True
MLPT,Multipolar Technology Tbk.,Technology,True
MMLP,Mega Manunggal Property Tbk.,Properties & Real Estate,True
MNCN,Media Nusantara Citra Tbk.,Consumer Cyclicals,True
MPMX,Mitra Pinasthika Mustika Tbk.,Consumer Cyclicals,True
MPPA,Matahari Putra Prima Tbk.,Consumer Non-Cyclicals,True
MRAT,Mustika Ratu Tbk.,Consumer Non-Cyclicals,True
MREI,Maskapai Reasuransi Indonesia ,Financials,False
MSKY,MNC Sky Vision Tbk.,Consumer Cyclicals,True
MTDL,Metrodata Electronics Tbk.,Technology,True
MTFN,Capitalinc Investment Tbk.,Energy,True
MTLA,Metropolitan Land Tbk.,Properties & Real Estate,True
MTSM,Metro Realty Tbk.,Properties & Real Estate,True
MYOH,Samindo Resources Tbk.,Energy,True
MYOR,Mayora Indah Tbk.,Consumer Non-Cyclicals,True
MYTX,Asia Pacific Investama Tbk.,Consumer Cyclicals,False
NELY,Pelayaran Nelly Dwi Putri Tbk.,Transportation & Logistic,True
NIKL,Pelat Timah Nusantara Tbk.,Basic Materials,True
NIRO,City Retail Developments Tbk.,Properties & Real Estate,False
NISP,Bank OCBC NISP Tbk.,Financials,False
NOBU,Bank Nationalnobu Tbk.,Financials,False
NRCA,Nusa Raya Cipta Tbk.,Infrastructures,True
OCAP,Onix Capital Tbk.,Financials,False
OKAS,Ancora Indonesia Resources Tbk,Basic Materials,True
OMRE,Indonesia Prima Property Tbk,Properties & Real Estate,True
PADI,Minna Padi Investama Sekuritas,Financials,False
PALM,Provident Investasi Bersama Tb,Financials,True
PANR,Panorama Sentrawisata Tbk.,Consumer Cyclicals,True
PANS,Panin Sekuritas Tbk.,Financials,False
PBRX,Pan Brothers Tbk.,Consumer Cyclicals,False
PDES,Destinasi Tirta Nusantara Tbk,Consumer Cyclicals,True
PEGE,Panca Global Kapital Tbk.,Financials,False
PGAS,Perusahaan Gas Negara (Persero,Energy,True
PGLI,Pembangunan Graha Lestari Inda,Consumer Cyclicals,True
PICO,Pelangi Indah Canindo Tbk,Basic Materials,True
PJAA,Pembangunan Jaya Ancol Tbk.,Consumer Cyclicals,True
PKPK,Paragon Karya Perkasa Tbk.,Energy,True
PLAS,Polaris Investama Tbk,Financials,False
PLIN,Plaza Indonesia Realty Tbk.,Properties & Real Estate,True
PNBN,Bank Pan Indonesia Tbk,Financials,False
PNBS,Bank Panin Dubai Syariah Tbk.,Financials,True
PNIN,Paninvest Tbk.,Financials,False
PNLF,Panin Financial Tbk.,Financials,False
PSAB,J Resources Asia Pasifik Tbk.,Basic Materials,True
PSDN,Prasidha Aneka Niaga Tbk,Consumer Non-Cyclicals,True
PSKT,Red Planet Indonesia Tbk.,Consumer Cyclicals,True
PTBA,Bukit Asam (Persero) Tbk.,Energy,True
PTIS,Indo Straits Tbk.,Energy,True
PTPP,PP (Persero) Tbk.,Infrastructures,True
PTRO,Petrosea Tbk.,Energy,False
PTSN,Sat Nusapersada Tbk,Technology,True
PTSP,Pioneerindo Gourmet Internatio,Consumer Cyclicals,True
PUDP,Pudjiadi Prestige Tbk.,Properties & Real Estate,False
PWON,Pakuwon Jati Tbk.,Properties & Real Estate,True
PYFA,Pyridam Farma Tbk,Healthcare,False
RAJA,Rukun Raharja Tbk.,Energy,True
RALS,Ramayana Lestari Sentosa Tbk.,Consumer Cyclicals,True
RANC,Supra Boga Lestari Tbk.,Consumer Non-Cyclicals,True
RBMS,Ristia Bintang Mahkotasejati T,Properties & Real Estate,True
RDTX,Roda Vivatex Tbk,Properties & Real Estate,True
RELI,Reliance Sekuritas Indonesia T,Financials,False
RICY,Ricky Putra Globalindo Tbk,Consumer Cyclicals,False
RIGS,Rig Tenders Indonesia Tbk.,Energy,True
RIMO,Rimo International Lestari Tbk,Properties & Real Estate,False
RODA,Pikko Land Development Tbk.,Properties & Real Estate,True
ROTI,Nippon Indosari Corpindo Tbk.,Consumer Non-Cyclicals,True
RUIS,Radiant Utama Interinsco Tbk.,Energy,True
SAFE,Steady Safe Tbk,Transportation & Logistic,True
SAME,Sarana Meditama Metropolitan T,Healthcare,True
SCCO,Supreme Cable Manufacturing & ,Industrials,True
SCMA,Surya Citra Media Tbk.,Consumer Cyclicals,False
SCPI,Organon Pharma Indonesia Tbk.,Healthcare,True
SDMU,Sidomulyo Selaras Tbk.,Transportation & Logistic,False
SDPC,Millennium Pharmacon Internati,Consumer Non-Cyclicals,True
SDRA,Bank Woori Saudara Indonesia 1,Financials,False
SGRO,Prime Agri Resources Tbk.,Consumer Non-Cyclicals,True
SHID,Hotel Sahid Jaya International,Consumer Cyclicals,True
SIDO,Industri Jamu dan Farmasi Sido,Healthcare,True
SILO,Siloam International Hospitals,Healthcare,True
SIMA,Siwani Makmur Tbk,Basic Materials,False
SIMP,Salim Ivomas Pratama Tbk.,Consumer Non-Cyclicals,True
SIPD,Sreeya Sewu Indonesia Tbk.,Consumer Non-Cyclicals,True
SKBM,Sekar Bumi Tbk.,Consumer Non-Cyclicals,True
SKLT,Sekar Laut Tbk.,Consumer Non-Cyclicals,True
SKYB,Northcliff Citranusa Indonesia,Technology,False
SMAR,Sinar Mas Agro Resources and T,Consumer Non-Cyclicals,True
SMBR,Semen Baturaja (Persero) Tbk.,Basic Materials,True
SMCB,Solusi Bangun Indonesia Tbk.,Basic Materials,True
SMDM,Suryamas Dutamakmur Tbk.,Properties & Real Estate,True
SMDR,Samudera Indonesia  Tbk.,Transportation & Logistic,True
SMGR,Semen Indonesia (Persero) Tbk.,Basic Materials,True
SMMA,Sinarmas Multiartha Tbk.,Financials,False
SMMT,Golden Eagle Energy Tbk.,Energy,True
SMRA,Summarecon Agung Tbk.,Properties & Real Estate,True
SMRU,SMR Utama Tbk.,Energy,False
SMSM,Selamat Sempurna Tbk.,Consumer Cyclicals,True
SOCI,Soechi Lines Tbk.,Energy,True
SONA,Sona Topas Tourism Industry Tb,Consumer Cyclicals,True
SPMA,Suparma Tbk.,Basic Materials,True
SQMI,Wilton Makmur Indonesia Tbk.,Basic Materials,False
SRAJ,Sejahteraraya Anugrahjaya Tbk.,Healthcare,False
SRIL,Sri Rejeki Isman Tbk.,Consumer Cyclicals,False
SRSN,Indo Acidatama Tbk,Basic Materials,False
SRTG,Saratoga Investama Sedaya Tbk.,Financials,True
SSIA,Surya Semesta Internusa Tbk.,Infrastructures,True
SSMS,Sawit Sumbermas Sarana Tbk.,Consumer Non-Cyclicals,False
SSTM,Sunson Textile Manufacture Tbk,Consumer Cyclicals,True
STAR,Calculus Global Ventures Tbk.,Financials,False
STTP,Siantar Top Tbk.,Consumer Non-Cyclicals,True
SUGI,Sugih Energy Tbk.,Energy,False
SULI,SLJ Global Tbk.,Basic Materials,True
SUPR,Solusi Tunas Pratama Tbk.,Infrastructures,True
TALF,Tunas Alfin Tbk.,Basic Materials,True
TARA,Agung Semesta Sejahtera Tbk.,Properties & Real Estate,True
TAXI,Express Transindo Utama Tbk.,Transportation & Logistic,True
TBIG,Tower Bersama Infrastructure T,Infrastructures,False
TBLA,Tunas Baru Lampung Tbk.,Consumer Non-Cyclicals,False
TBMS,Tembaga Mulia Semanan Tbk.,Basic Materials,True
TCID,Mandom Indonesia Tbk.,Consumer Non-Cyclicals,True
TELE,Omni Inovasi Indonesia Tbk.,Consumer Cyclicals,False
TFCO,Tifico Fiber Indonesia Tbk.,Consumer Cyclicals,True
TGKA,Tigaraksa Satria Tbk.,Consumer Non-Cyclicals,True
TIFA,KDB Tifa Finance Tbk.,Financials,False
TINS,TIMAH (Persero) Tbk.,Basic Materials,True
TIRA,Tira Austenite Tbk,Industrials,True
TIRT,Tirta Mahakam Resources Tbk,Basic Materials,True
TKIM,Pabrik Kertas Tjiwi Kimia Tbk.,Basic Materials,True
TLKM,Telkom Indonesia (Persero) Tbk,Infrastructures,True
TMAS,Temas Tbk.,Transportation & Logistic,True
TMPO,Tempo Intimedia Tbk.,Consumer Cyclicals,True
TOBA,TBS Energi Utama Tbk.,Energy,True
TOTL,Total Bangun Persada Tbk.,Infrastructures,True
TOTO,Surya Toto Indonesia Tbk.,Industrials,True
TOWR,Sarana Menara Nusantara Tbk.,Infrastructures,False
TPIA,Chandra Asri Pacific Tbk.,Basic Materials,True
TPMA,Trans Power Marine Tbk.,Energy,True
TRAM,Trada Alam Minera Tbk.,Energy,False
TRIL,Triwira Insanlestari Tbk.,Industrials,False
TRIM,Trimegah Sekuritas Indonesia T,Financials,False
TRIO,Trikomsel Oke Tbk.,Consumer Cyclicals,False
TRIS,Trisula International Tbk.,Consumer Cyclicals,True
TRST,Trias Sentosa Tbk.,Basic Materials,True
TRUS,Trust Finance Indonesia Tbk,Financials,False
TSPC,Tempo Scan Pacific Tbk.,Healthcare,True
ULTJ,Ultrajaya Milk Industry & Trad,Consumer Non-Cyclicals,True
UNIC,Unggul Indah Cahaya Tbk.,Basic Materials,True
UNIT,Nusantara Inti Corpora Tbk,Consumer Cyclicals,False
UNSP,Bakrie Sumatera Plantations Tb,Consumer Non-Cyclicals,False
UNTR,United Tractors Tbk.,Industrials,True
UNVR,Unilever Indonesia Tbk.,Consumer Non-Cyclicals,True
VICO,Victoria Investama Tbk.,Financials,False
VINS,Victoria Insurance Tbk.,Financials,False
VIVA,Visi Media Asia Tbk.,Consumer Cyclicals,False
VOKS,Voksel Electric Tbk.,Industrials,True
VRNA,Mizuho Leasing Indonesia Tbk.,Financials,False
WAPO,Wahana Pronatural Tbk.,Consumer Non-Cyclicals,True
WEHA,WEHA Transportasi Indonesia Tb,Transportation & Logistic,True
WICO,Wicaksana Overseas Internation,Consumer Non-Cyclicals,False
WIIM,Wismilak Inti Makmur Tbk.,Consumer Non-Cyclicals,False
WIKA,Wijaya Karya (Persero) Tbk.,Infrastructures,False
WINS,Wintermar Offshore Marine Tbk.,Energy,True
WOMF,Wahana Ottomitra Multiartha Tb,Financials,False
WSKT,Waskita Karya (Persero) Tbk.,Infrastructures,False
WTON,Wijaya Karya Beton Tbk.,Basic Materials,True
YPAS,Yanaprima Hastapersada Tbk,Basic Materials,True
YULE,Yulie Sekuritas Indonesia Tbk.,Financials,False
ZBRA,Dosni Roha Indonesia Tbk.,Industrials,False
SHIP,Sillo Maritime Perdana Tbk.,Energy,True
CASA,Capital Financial Indonesia Tb,Financials,False
DAYA,Duta Intidaya Tbk.,Consumer Non-Cyclicals,True
DPUM,Dua Putra Utama Makmur Tbk.,Consumer Non-Cyclicals,False
IDPR,Indonesia Pondasi Raya Tbk.,Infrastructures,True
JGLE,Graha Andrasentra Propertindo ,Consumer Cyclicals,True
KINO,Kino Indonesia Tbk.,Consumer Non-Cyclicals,True
MARI,Mahaka Radio Integra Tbk.,Consumer Cyclicals,False
MKNT,Mitra Komunikasi Nusantara Tbk,Consumer Cyclicals,True
MTRA,Mitra Pemuda Tbk.,Infrastructures,False
OASA,Maharaksa Biru Energi Tbk.,Infrastructures,True
POWR,Cikarang Listrindo Tbk.,Infrastructures,True
INCF,Indo Komoditi Korpora Tbk.,Basic Materials,False
WSBP,Waskita Beton Precast Tbk.,Basic Materials,False
PBSA,Paramita Bangun Sarana Tbk.,Infrastructures,True
PRDA,Prodia Widyahusada Tbk.,Healthcare,True
BOGA,Apollo Global Interactive Tbk.,Consumer Cyclicals,True
BRIS,Bank Syariah Indonesia (Perser,Financials,True
PORT,Nusantara Pelabuhan Handal Tbk,Infrastructures,True
CARS,Industri dan Perdagangan Bintr,Consumer Cyclicals,False
MINA,Sanurhasta Mitra Tbk.,Consumer Cyclicals,True
CLEO,Sariguna Primatirta Tbk.,Consumer Non-Cyclicals,True
TAMU,Pelayaran Tamarin Samudra Tbk.,Energy,True
CSIS,Cahayasakti Investindo Sukses ,Properties & Real Estate,True
TGRA,Terregra Asia Energy Tbk.,Infrastructures,False
FIRE,Alfa Energi Investama Tbk.,Energy,True
TOPS,Totalindo Eka Persada Tbk.,Infrastructures,False
KMTR,Kirana Megatara Tbk.,Basic Materials,False
ARMY,Armidian Karyatama Tbk.,Properties & Real Estate,False
MAPB,MAP Boga Adiperkasa Tbk.,Consumer Cyclicals,True
WOOD,Integra Indocabinet Tbk.,Consumer Cyclicals,True
HRTA,Hartadinata Abadi Tbk.,Consumer Cyclicals,True
MABA,Marga Abhinaya Abadi Tbk.,Consumer Cyclicals,False
HOKI,Buyung Poetra Sembada Tbk.,Consumer Non-Cyclicals,True
MPOW,Megapower Makmur Tbk.,Infrastructures,True
MARK,Mark Dynamics Indonesia Tbk.,Industrials,True
NASA,Andalan Perkasa Abadi Tbk.,Properties & Real Estate,True
MDKI,Emdeki Utama Tbk.,Basic Materials,True
BELL,Trisula Textile Industries Tbk,Consumer Cyclicals,True
KIOS,Kioson Komersial Indonesia Tbk,Technology,True
GMFI,Garuda Maintenance Facility Ae,Infrastructures,False
MTWI,Malacca Trust Wuwungan Insuran,Financials,False
ZINC,Kapuas Prima Coal Tbk.,Basic Materials,False
MCAS,M Cash Integrasi Tbk.,Technology,True
PPRE,PP Presisi Tbk.,Infrastructures,True
WEGE,Wijaya Karya Bangunan Gedung T,Infrastructures,True
PSSI,IMC Pelita Logistik Tbk.,Energy,True
MORA,Ekamas Mora Republik Tbk.,Infrastructures,True
DWGL,Dwi Guna Laksana Tbk.,Energy,True
PBID,Panca Budi Idaman Tbk.,Basic Materials,True
JMAS,Asuransi Jiwa Syariah Jasa Mit,Financials,True
CAMP,Campina Ice Cream Industry Tbk,Consumer Non-Cyclicals,True
IPCM,Jasa Armada Indonesia Tbk.,Infrastructures,True
PCAR,Prima Cakrawala Abadi Tbk.,Consumer Non-Cyclicals,True
LCKM,LCK Global Kedaton Tbk.,Infrastructures,True
BOSS,Borneo Olah Sarana Sukses Tbk.,Energy,False
HELI,Jaya Trishindo Tbk.,Transportation & Logistic,True
JSKY,Sky Energy Indonesia Tbk.,Energy,False
INPS,Indah Prakasa Sentosa Tbk.,Energy,False
GHON,Gihon Telekomunikasi Indonesia,Infrastructures,True
TDPM,Tianrong Chemicals Industry Tb,Basic Materials,False
DFAM,Dafam Property Indonesia Tbk.,Consumer Cyclicals,False
NICK,Charnic Capital Tbk.,Financials,False
BTPS,Bank BTPN Syariah Tbk.,Financials,True
SPTO,Surya Pertiwi Tbk.,Industrials,True
PRIM,Royal Prima Tbk.,Healthcare,True
HEAL,Medikaloka Hermina Tbk.,Healthcare,True
TRUK,Guna Timur Raya Tbk.,Transportation & Logistic,True
PZZA,Sarimelati Kencana Tbk.,Consumer Cyclicals,True
TUGU,Asuransi Tugu Pratama Indonesi,Financials,False
MSIN,MNC Digital Entertainment Tbk.,Consumer Cyclicals,True
SWAT,Sriwahana Adityakarta Tbk.,Basic Materials,False
TNCA,Trimuda Nuansa Citra Tbk.,Transportation & Logistic,True
MAPA,Map Aktif Adiperkasa Tbk.,Consumer Cyclicals,True
TCPI,Transcoal Pacific Tbk.,Energy,True
IPCC,Indonesia Kendaraan Terminal T,Infrastructures,True
RISE,Jaya Sukses Makmur Sentosa Tbk,Properties & Real Estate,True
BPTR,Batavia Prosperindo Trans Tbk.,Transportation & Logistic,False
POLL,Pollux Properties Indonesia Tb,Properties & Real Estate,False
NFCX,NFC Indonesia Tbk.,Technology,True
MGRO,Mahkota Group Tbk.,Consumer Non-Cyclicals,False
NUSA,Sinergi Megah Internusa Tbk.,Consumer Cyclicals,False
FILM,MD Entertainment Tbk.,Consumer Cyclicals,True
ANDI,Andira Agro Tbk.,Consumer Non-Cyclicals,True
LAND,Trimitra Propertindo Tbk.,Properties & Real Estate,True
MOLI,Madusari Murni Indah Tbk.,Basic Materials,False
PANI,Pantai Indah Kapuk Dua Tbk.,Properties & Real Estate,True
DIGI,Arkadia Digital Media Tbk.,Consumer Cyclicals,False
CITY,Natura City Developments Tbk.,Properties & Real Estate,True
SAPX,Satria Antaran Prima Tbk.,Transportation & Logistic,True
SURE,Super Energy Tbk.,Energy,False
HKMU,HK Metals Utama Tbk.,Basic Materials,False
MPRO,Maha Properti Indonesia Tbk.,Properties & Real Estate,True
DUCK,Jaya Bersama Indo Tbk.,Consumer Cyclicals,False
GOOD,Garudafood Putra Putri Jaya Tb,Consumer Non-Cyclicals,True
SKRN,Superkrane Mitra Utama Tbk.,Industrials,True
YELO,Yelooo Integra Datanet Tbk.,Consumer Cyclicals,True
CAKK,Cahayaputra Asa Keramik Tbk.,Industrials,True
SATU,Kota Satu Properti Tbk.,Properties & Real Estate,True
SOSS,ALSOK Indonesia Services Tbk.,Industrials,True
DEAL,Dewata Freightinternational Tb,Transportation & Logistic,False
POLA,Pool Advista Finance Tbk.,Financials,False
DIVA,Distribusi Voucher Nusantara T,Technology,True
LUCK,Sentral Mitra Informatika Tbk.,Technology,True
URBN,Urban Jakarta Propertindo Tbk.,Properties & Real Estate,True
SOTS,Satria Mega Kencana Tbk.,Consumer Cyclicals,True
ZONE,Mega Perintis Tbk.,Consumer Cyclicals,True
PEHA,Phapros Tbk.,Healthcare,True
FOOD,Sentra Food Indonesia Tbk.,Consumer Non-Cyclicals,True
BEEF,Estika Tata Tiara Tbk.,Consumer Non-Cyclicals,True
POLI,Pollux Hotels Group Tbk.,Properties & Real Estate,True
CLAY,Citra Putra Realty Tbk.,Consumer Cyclicals,False
NATO,Olympus Strategic Indonesia Tb,Consumer Cyclicals,False
JAYA,Armada Berjaya Trans Tbk.,Transportation & Logistic,True
COCO,Wahana Interfood Nusantara Tbk,Consumer Non-Cyclicals,False
MTPS,Meta Epsi Tbk.,Infrastructures,True
CPRI,Capri Nusa Satu Properti Tbk.,Properties & Real Estate,False
HRME,Menteng Heritage Realty Tbk.,Consumer Cyclicals,True
POSA,Bliss Properti Indonesia Tbk.,Properties & Real Estate,False
JAST,Jasnita Telekomindo Tbk.,Infrastructures,True
FITT,Hotel Fitra International Tbk.,Consumer Cyclicals,True
BOLA,Bali Bintang Sejahtera Tbk.,Consumer Cyclicals,True
CCSI,Communication Cable Systems In,Industrials,True
SFAN,Surya Fajar Capital Tbk.,Financials,False
POLU,Golden Flower Tbk.,Consumer Cyclicals,True
KJEN,Krida Jaringan Nusantara Tbk.,Transportation & Logistic,True
KAYU,Darmi Bersaudara Tbk.,Basic Materials,False
ITIC,Indonesian Tobacco Tbk.,Consumer Non-Cyclicals,False
PAMG,Bima Sakti Pertiwi Tbk.,Properties & Real Estate,True
IPTV,MNC Vision Networks Tbk.,Consumer Cyclicals,True
BLUE,Berkah Prima Perkasa Tbk.,Industrials,True
ENVY,Envy Technologies Indonesia Tb,Technology,False
EAST,Eastparc Hotel Tbk.,Consumer Cyclicals,True
LIFE,MSIG Life Insurance Indonesia ,Financials,False
FUJI,Fuji Finance Indonesia Tbk.,Financials,False
KOTA,DMS Propertindo Tbk.,Consumer Cyclicals,True
INOV,Inocycle Technology Group Tbk.,Consumer Cyclicals,False
ARKA,Arkha Jayanti Persada Tbk.,Industrials,False
SMKL,Satyamitra Kemas Lestari Tbk.,Basic Materials,True
HDIT,Hensel Davest Indonesia Tbk.,Technology,True
KEEN,Kencana Energi Lestari Tbk.,Infrastructures,True
BAPI,Bhakti Agung Propertindo Tbk.,Properties & Real Estate,True
TFAS,Telefast Indonesia Tbk.,Technology,True
GGRP,Gunung Raja Paksi Tbk.,Basic Materials,True
OPMS,Optima Prima Metal Sinergi Tbk,Basic Materials,False
NZIA,Nusantara Almazia Tbk.,Properties & Real Estate,True
SLIS,Gaya Abadi Sempurna Tbk.,Consumer Cyclicals,True
PURE,Trinitan Metals and Minerals T,Basic Materials,False
IRRA,Itama Ranoraya Tbk.,Healthcare,True
DMMX,Digital Mediatama Maxima Tbk.,Technology,True
SINI,Singaraja Putra Tbk.,Industrials,False
WOWS,Ginting Jaya Energi Tbk.,Energy,True
ESIP,Sinergi Inti Plastindo Tbk.,Basic Materials,True
TEBE,Dana Brata Luhur Tbk.,Energy,True
KEJU,Mulia Boga Raya Tbk.,Consumer Non-Cyclicals,True
PSGO,Palma Serasih Tbk.,Consumer Non-Cyclicals,True
AGAR,Asia Sejahtera Mina Tbk.,Consumer Non-Cyclicals,True
IFSH,Ifishdeco Tbk.,Basic Materials,True
REAL,Repower Asia Indonesia Tbk.,Properties & Real Estate,True
IFII,Indonesia Fibreboard Industry ,Basic Materials,True
PMJS,Putra Mandiri Jembar Tbk.,Consumer Cyclicals,True
UCID,Uni-Charm Indonesia Tbk.,Consumer Non-Cyclicals,True
GLVA,Galva Technologies Tbk.,Technology,True
PGJO,Bahtera Bumi Raya Tbk.,Technology,False
AMAR,Bank Amar Indonesia Tbk.,Financials,False
CSRA,Cisadane Sawit Raya Tbk.,Consumer Non-Cyclicals,True
INDO,Royalindo Investa Wijaya Tbk.,Properties & Real Estate,False
AMOR,Ashmore Asset Management Indon,Financials,False
TRIN,Perintis Triniti Properti Tbk.,Properties & Real Estate,False
DMND,Diamond Food Indonesia Tbk.,Consumer Non-Cyclicals,True
PURA,Putra Rajawali Kencana Tbk.,Transportation & Logistic,True
PTPW,Pratama Widya Tbk.,Infrastructures,True
TAMA,Lancartama Sejati Tbk.,Infrastructures,True
IKAN,Era Mandiri Cemerlang Tbk.,Consumer Non-Cyclicals,True
SAMF,Saraswanti Anugerah Makmur Tbk,Basic Materials,True
SBAT,Sejahtera Bintang Abadi Textil,Consumer Cyclicals,False
KBAG,Karya Bersama Anugerah Tbk.,Properties & Real Estate,True
CBMF,Cahaya Bintang Medan Tbk.,Consumer Cyclicals,False
RONY,Aracord Nusantara Group Tbk.,Infrastructures,True
CSMI,Cipta Selera Murni Tbk.,Consumer Cyclicals,True
BBSS,Bumi Benowo Sukses Sejahtera T,Properties & Real Estate,True
BHAT,Bhakti Multi Artha Tbk.,Financials,False
CASH,Cashlez Worldwide Indonesia Tb,Technology,False
TECH,Indosterling Technomedia Tbk.,Technology,False
EPAC,Megalestari Epack Sentosaraya ,Basic Materials,True
UANG,Pakuan Tbk.,Properties & Real Estate,True
PGUN,Pradiksi Gunatama Tbk.,Consumer Non-Cyclicals,True
SOFA,Solusi Environment Asia Tbk.,Consumer Cyclicals,False
PPGL,Prima Globalindo Logistik Tbk.,Transportation & Logistic,False
TOYS,Sunindo Adipersada Tbk.,Consumer Cyclicals,False
SGER,Sumber Global Energy Tbk.,Energy,True
TRJA,Transkon Jaya Tbk.,Transportation & Logistic,True
PNGO,AEP Pinago Plantations Tbk.,Consumer Non-Cyclicals,True
SCNP,Selaras Citra Nusantara Perkas,Consumer Cyclicals,True
BBSI,Krom Bank Indonesia Tbk.,Financials,False
KMDS,Kurniamitra Duta Sentosa Tbk.,Consumer Non-Cyclicals,True
PURI,Puri Global Sukses Tbk.,Properties & Real Estate,True
SOHO,Soho Global Health Tbk.,Healthcare,True
HOMI,Grand House Mulia Tbk.,Properties & Real Estate,True
ROCK,Rockfields Properti Indonesia ,Properties & Real Estate,True
ENZO,Morenzo Abadi Perkasa Tbk.,Consumer Non-Cyclicals,False
PLAN,Planet Properindo Jaya Tbk.,Consumer Cyclicals,False
PTDU,Djasa Ubersakti Tbk.,Infrastructures,False
ATAP,Trimitra Prawara Goldland Tbk.,Properties & Real Estate,True
VICI,Victoria Care Indonesia Tbk.,Consumer Non-Cyclicals,True
PMMP,Panca Mitra Multiperdana Tbk.,Consumer Non-Cyclicals,False
BANK,Bank Aladin Syariah Tbk.,Financials,True
WMUU,Widodo Makmur Unggas Tbk.,Consumer Non-Cyclicals,True
EDGE,Indointernet Tbk.,Technology,True
UNIQ,Ulima Nitra Tbk.,Energy,True
BEBS,Berkah Beton Sadaya Tbk.,Basic Materials,False
SNLK,Sunter Lakeside Hotel Tbk.,Consumer Cyclicals,True
ZYRX,Zyrexindo Mandiri Buana Tbk.,Technology,True
LFLO,Imago Mulia Persada Tbk.,Consumer Cyclicals,False
FIMP,Fimperkasa Utama Tbk.,Infrastructures,False
TAPG,Triputra Agro Persada Tbk.,Consumer Non-Cyclicals,True
NPGF,Nusa Palapa Gemilang Tbk.,Basic Materials,True
LUCY,Lima Dua Lima Tiga Tbk.,Consumer Cyclicals,False
ADCP,Adhi Commuter Properti Tbk.,Properties & Real Estate,True
HOPE,Harapan Duta Pertiwi Tbk.,Industrials,True
MGLV,NexAI Digital Infrastruktur Tb,Consumer Cyclicals,False
TRUE,Triniti Dinamik Tbk.,Properties & Real Estate,True
LABA,Green Power Group Tbk.,Industrials,True
ARCI,Archi Indonesia Tbk.,Basic Materials,True
IPAC,Era Graharealty Tbk.,Properties & Real Estate,False
MASB,Bank Multiarta Sentosa Tbk.,Financials,False
BMHS,Bundamedik Tbk.,Healthcare,True
FLMC,Falmaco Nonwoven Industri Tbk.,Consumer Non-Cyclicals,False
NICL,PAM Mineral Tbk.,Basic Materials,True
UVCR,Trimegah Karya Pratama Tbk.,Technology,True
BUKA,Bukalapak.com Tbk.,Technology,False
HAIS,Hasnur Internasional Shipping ,Transportation & Logistic,True
OILS,Indo Oil Perkasa Tbk.,Consumer Non-Cyclicals,True
GPSO,Geoprima Solusi Tbk.,Industrials,True
MCOL,Prima Andalan Mandiri Tbk.,Energy,True
RSGK,Kedoya Adyaraya Tbk.,Healthcare,True
RUNS,Global Sukses Solusi Tbk.,Technology,False
SBMA,Surya Biru Murni Acetylene Tbk,Basic Materials,True
CMNT,Cemindo Gemilang Tbk.,Basic Materials,False
GTSI,GTS Internasional Tbk.,Energy,True
IDEA,Idea Indonesia Akademi Tbk.,Consumer Cyclicals,False
KUAS,Ace Oldfields Tbk.,Industrials,True
BOBA,Formosa Ingredient Factory Tbk,Consumer Non-Cyclicals,True
MTEL,Dayamitra Telekomunikasi Tbk.,Infrastructures,True
DEPO,Caturkarda Depo Bangunan Tbk.,Consumer Cyclicals,True
BINO,Perma Plasindo Tbk.,Industrials,True
CMRY,Cisarua Mountain Dairy Tbk.,Consumer Non-Cyclicals,True
WGSH,Wira Global Solusi Tbk.,Technology,False
TAYS,Jaya Swarasa Agung Tbk.,Consumer Non-Cyclicals,False
ADMR,Alamtri Minerals Indonesia Tbk,Energy,True
SEMA,Semacom Integrated Tbk.,Energy,True
ASLC,Autopedia Sukses Lestari Tbk.,Consumer Cyclicals,True
NETV,MDTV Media Technologies Tbk.,Consumer Cyclicals,True
BAUT,Mitra Angkasa Sejahtera Tbk.,Consumer Cyclicals,True
ENAK,Champ Resto Indonesia Tbk.,Consumer Cyclicals,True
NTBK,Nusatama Berkah Tbk.,Industrials,True
SMKM,Sumber Mas Konstruksi Tbk.,Infrastructures,False
STAA,Sumber Tani Agung Resources Tb,Consumer Non-Cyclicals,True
NANO,Nanotech Indonesia Global Tbk.,Consumer Non-Cyclicals,False
BIKE,Sepeda Bersama Indonesia Tbk.,Consumer Cyclicals,True
WIRG,WIR ASIA Tbk.,Technology,True
SICO,Sigma Energy Compressindo Tbk.,Energy,True
GOTO,GoTo Gojek Tokopedia Tbk.,Technology,False
TLDN,Teladan Prima Agro Tbk.,Consumer Non-Cyclicals,True
MTMH,Murni Sadar Tbk.,Healthcare,True
WINR,Winner Nusantara Jaya Tbk.,Properties & Real Estate,True
IBOS,Indo Boga Sukses Tbk.,Consumer Non-Cyclicals,False
OLIV,Atlas Nexus Group Tbk.,Consumer Cyclicals,False
ASHA,Cilacap Samudera Fishing Indus,Consumer Non-Cyclicals,True
SWID,Saraswanti Indoland Developmen,Consumer Cyclicals,True
TRGU,Cerestar Indonesia Tbk.,Consumer Non-Cyclicals,False
ARKO,Arkora Hydro Tbk.,Infrastructures,False
CHEM,Chemstar Indonesia Tbk.,Basic Materials,True
DEWI,Dewi Shri Farmindo Tbk.,Consumer Non-Cyclicals,True
AXIO,Tera Data Indonusa Tbk.,Technology,True
KRYA,Bangun Karya Perkasa Jaya Tbk.,Infrastructures,True
HATM,Habco Trans Maritima Tbk.,Transportation & Logistic,True
RCCC,Utama Radar Cahaya Tbk.,Transportation & Logistic,False
GULA,Aman Agrindo Tbk.,Consumer Non-Cyclicals,True
JARR,Jhonlin Agro Raya Tbk.,Consumer Non-Cyclicals,True
AMMS,Agung Menjangan Mas Tbk.,Consumer Non-Cyclicals,False
RAFI,Sari Kreasi Boga Tbk.,Consumer Cyclicals,True
KKES,Kusuma Kemindo Sentosa Tbk.,Basic Materials,True
ELPI,Pelayaran Nasional Ekalya Purn,Transportation & Logistic,True
EURO,Estee Gold Feet Tbk.,Consumer Non-Cyclicals,False
KLIN,Klinko Karya Imaji Tbk.,Consumer Cyclicals,False
TOOL,Rohartindo Nusantara Luas Tbk.,Consumer Cyclicals,True
BUAH,Segar Kumala Indonesia Tbk.,Consumer Non-Cyclicals,True
CRAB,Toba Surimi Industries Tbk.,Consumer Non-Cyclicals,True
MEDS,Hetzer Medical Indonesia Tbk.,Healthcare,True
COAL,Black Diamond Resources Tbk.,Energy,True
PRAY,Famon Awal Bros Sedaya Tbk.,Healthcare,True
CBUT,Citra Borneo Utama Tbk.,Consumer Non-Cyclicals,False
BELI,Global Digital Niaga Tbk.,Technology,True
MKTR,Menthobi Karyatama Raya Tbk.,Consumer Non-Cyclicals,True
OMED,Jayamas Medica Industri Tbk.,Healthcare,True
BSBK,Wulandari Bangun Laksana Tbk.,Properties & Real Estate,True
PDPP,Primadaya Plastisindo Tbk.,Basic Materials,True
KDTN,Puri Sentul Permai Tbk.,Consumer Cyclicals,True
ZATA,Bersama Zatta Jaya Tbk.,Consumer Cyclicals,True
NINE,Techno9 Indonesia Tbk.,Technology,False
MMIX,Multi Medika Internasional Tbk,Healthcare,True
PADA,Personel Alih Daya Tbk.,Industrials,True
ISAP,Isra Presisi Indonesia Tbk.,Consumer Cyclicals,False
VTNY,Venteny Fortuna International ,Financials,False
SOUL,Mitra Tirta Buwana Tbk.,Consumer Non-Cyclicals,False
ELIT,Data Sinergitama Jaya Tbk.,Technology,True
BEER,Jobubu Jarum Minahasa Tbk.,Consumer Non-Cyclicals,False
CBPE,Citra Buana Prasida Tbk.,Properties & Real Estate,True
SUNI,Sunindo Pratama Tbk.,Energy,True
CBRE,Cakra Buana Resources Energi T,Energy,True
WINE,Hatten Bali Tbk.,Consumer Non-Cyclicals,False
BMBL,Lavender Bina Cendikia Tbk.,Consumer Cyclicals,False
PEVE,Penta Valent Tbk.,Healthcare,True
LAJU,Jasa Berdikari Logistics Tbk.,Transportation & Logistic,True
FWCT,Wijaya Cahaya Timber Tbk.,Basic Materials,True
NAYZ,Hassana Boga Sejahtera Tbk.,Consumer Non-Cyclicals,False
IRSX,Folago Global Nusantara Tbk.,Technology,True
PACK,Abadi Nusantara Hijau Investam,Basic Materials,False
VAST,Vastland Indonesia Tbk.,Properties & Real Estate,True
CHIP,Pelita Teknologi Global Tbk.,Technology,False
HALO,Haloni Jane Tbk.,Healthcare,True
KING,Hoffmen Cleanindo Tbk.,Industrials,False
PGEO,Pertamina Geothermal Energy Tb,Infrastructures,True
FUTR,Futura Energi Global Tbk.,Consumer Cyclicals,True
HILL,Hillcon Tbk.,Energy,False
BDKR,Berdikari Pondasi Perkasa Tbk.,Infrastructures,True
PTMP,Mitra Pack Tbk.,Industrials,True
SAGE,Saptausaha Gemilangindah Tbk.,Properties & Real Estate,True
TRON,Teknologi Karya Digital Nusa T,Technology,True
CUAN,Petrindo Jaya Kreasi Tbk.,Energy,False
NSSS,Nusantara Sawit Sejahtera Tbk.,Consumer Non-Cyclicals,True
GTRA,Grahaprima Suksesmandiri Tbk.,Transportation & Logistic,True
HAJJ,Arsy Buana Travelindo Tbk.,Consumer Cyclicals,False
JATI,Informasi Teknologi Indonesia ,Technology,True
TYRE,King Tire Indonesia Tbk.,Consumer Cyclicals,True
MPXL,MPX Logistics International Tb,Transportation & Logistic,False
SMIL,Sarana Mitra Luas Tbk.,Industrials,True
KLAS,Pelayaran Kurnia Lautan Semest,Transportation & Logistic,True
MAXI,Maxindo Karya Anugerah Tbk.,Consumer Non-Cyclicals,True
VKTR,VKTR Teknologi Mobilitas Tbk.,Consumer Cyclicals,True
RELF,Graha Mitra Asia Tbk.,Properties & Real Estate,False
AMMN,Amman Mineral Internasional Tb,Basic Materials,False
CRSN,Carsurin Tbk.,Industrials,True
GRPM,Graha Prima Mentari Tbk.,Consumer Non-Cyclicals,False
WIDI,Widiant Jaya Krenindo Tbk.,Industrials,False
TGUK,Platinum Wahab Nusantara Tbk.,Consumer Non-Cyclicals,True
INET,Sinergi Inti Andalan Prima Tbk,Infrastructures,True
MAHA,Mandiri Herindo Adiperkasa Tbk,Energy,True
RMKO,Royaltama Mulia Kontraktorindo,Energy,True
CNMA,Nusantara Sejahtera Raya Tbk.,Consumer Cyclicals,True
FOLK,Multi Garam Utama Tbk.,Industrials,True
HBAT,Minahasa Membangun Hebat Tbk.,Properties & Real Estate,False
GRIA,Ingria Pratama Capitalindo Tbk,Properties & Real Estate,True
PPRI,Paperocks Indonesia Tbk.,Basic Materials,True
ERAL,Sinar Eka Selaras Tbk.,Consumer Cyclicals,True
CYBR,ITSEC Asia Tbk.,Technology,True
MUTU,Mutuagung Lestari Tbk.,Industrials,True
LMAX,Lupromax Pelumas Indonesia Tbk,Consumer Cyclicals,False
HUMI,Humpuss Maritim Internasional ,Energy,True
MSIE,Multisarana Intan Eduka Tbk.,Properties & Real Estate,False
RSCH,Charlie Hospital Semarang Tbk.,Healthcare,True
BABY,Multitrend Indo Tbk.,Consumer Cyclicals,True
AEGS,Anugerah Spareparts Sejahtera ,Consumer Cyclicals,False
IOTF,Sumber Sinergi Makmur Tbk.,Technology,True
KOCI,Kokoh Exa Nusantara Tbk.,Properties & Real Estate,True
PTPS,Pulau Subur Tbk.,Consumer Non-Cyclicals,True
BREN,Barito Renewables Energy Tbk.,Infrastructures,False
STRK,Lovina Beach Brewery Tbk.,Consumer Non-Cyclicals,False
KOKA,Koka Indonesia Tbk.,Infrastructures,True
LOPI,Logisticsplus International Tb,Transportation & Logistic,False
UDNG,Agro Bahari Nusantara Tbk.,Consumer Non-Cyclicals,False
RGAS,Kian Santang Muliatama Tbk.,Energy,True
MSTI,Mastersystem Infotama Tbk.,Technology,True
IKPM,Ikapharmindo Putramas Tbk.,Healthcare,True
AYAM,Janu Putra Sejahtera Tbk.,Consumer Non-Cyclicals,True
SURI,Maja Agung Latexindo Tbk.,Healthcare,True
ASLI,Asri Karya Lestari Tbk.,Infrastructures,True
GRPH,Griptha Putra Persada Tbk.,Consumer Cyclicals,True
SMGA,Sumber Mineral Global Abadi Tb,Basic Materials,True
UNTD,Terang Dunia Internusa Tbk.,Consumer Cyclicals,False
TOSK,Topindo Solusi Komunika Tbk.,Technology,True
MPIX,Mitra Pedagang Indonesia Tbk.,Technology,True
ALII,Ancara Logistics Indonesia Tbk,Energy,False
MKAP,Multikarya Asia Pasifik Raya T,Energy,True
MEJA,Harta Djaya Karya Tbk.,Consumer Cyclicals,False
LIVE,Homeco Victoria Makmur Tbk.,Consumer Cyclicals,True
HYGN,Ecocare Indo Pasifik Tbk.,Industrials,True
BAIK,Bersama Mencapai Puncak Tbk.,Consumer Cyclicals,True
VISI,Satu Visi Putra Tbk.,Industrials,True
AREA,Dunia Virtual Online Tbk.,Technology,True
MHKI,Multi Hanna Kreasindo Tbk.,Industrials,True
ATLA,Atlantis Subsea Indonesia Tbk.,Energy,True
DATA,Remala Abadi Tbk.,Infrastructures,True
SOLA,Xolare RCR Energy Tbk.,Basic Materials,True
BATR,Benteng Api Technic Tbk.,Basic Materials,True
SPRE,Soraya Berjaya Indonesia Tbk.,Consumer Cyclicals,False
PART,Cipta Perdana Lancar Tbk.,Consumer Cyclicals,True
GOLF,Intra Golflink Resorts Tbk.,Consumer Cyclicals,True
ISEA,Indo American Seafoods Tbk.,Consumer Non-Cyclicals,False
BLES,Superior Prima Sukses Tbk.,Basic Materials,True
GUNA,Gunanusa Eramandiri Tbk.,Consumer Non-Cyclicals,True
LABS,UBC Medical Indonesia Tbk.,Healthcare,True
DOSS,Global Sukses Digital Tbk.,Consumer Cyclicals,True
NEST,Esta Indonesia Tbk.,Consumer Non-Cyclicals,True
PTMR,Master Print Tbk.,Basic Materials,True
VERN,Verona Indah Pictures Tbk.,Consumer Cyclicals,True
DAAZ,Daaz Bara Lestari Tbk.,Basic Materials,True
BOAT,Newport Marine Services Tbk.,Energy,True
NAIK,Adiwarna Anugerah Abadi Tbk.,Industrials,True
AADI,Adaro Andalan Indonesia Tbk.,Energy,True
MDIY,Daya Intiguna Yasa Tbk.,Consumer Cyclicals,True
KSIX,Kentanix Supra International T,Properties & Real Estate,True
RATU,Raharja Energi Cepu Tbk.,Energy,True
YOII,Asuransi Digital Bersama Tbk.,Financials,False
HGII,Hero Global Investment Tbk.,Infrastructures,True
BRRC,Raja Roti Cemerlang Tbk.,Consumer Non-Cyclicals,True
DGWG,Delta Giri Wacana Tbk.,Basic Materials,True
CBDK,Bangun Kosambi Sukses Tbk.,Properties & Real Estate,True
OBAT,Brigit Biofarmaka Teknologi Tb,Healthcare,True
MINE,Sinar Terang Mandiri Tbk.,Basic Materials,True
ASPR,Asia Pramulia Tbk.,Basic Materials,True
PSAT,Pancaran Samudera Transport Tb,Energy,True
COIN,Indokripto Koin Semesta Tbk.,Financials,False
CDIA,Chandra Daya Investasi Tbk.,Infrastructures,False
BLOG,Trimitra Trans Persada Tbk.,Transportation & Logistic,True
MERI,Merry Riana Edukasi Tbk.,Consumer Cyclicals,True
KAQI,Jantra Grupo Indonesia Tbk.,Consumer Cyclicals,True
YUPI,Yupi Indo Jelly Gum Tbk.,Consumer Non-Cyclicals,True
FORE,Fore Kopi Indonesia Tbk.,Consumer Non-Cyclicals,True
MDLA,Medela Potentia Tbk.,Healthcare,True
DKHH,Cipta Sarana Medika Tbk.,Healthcare,True
AYLS,Arkayana Lestari Grup Tbk.,Basic Materials,True
DADA,Diamond Citra Propertindo Tbk.,Properties & Real Estate,True
ASPI,Andalan Sakti Primaindo Tbk.,Properties & Real Estate,True
ESTA,Esta Multi Usaha Tbk.,Consumer Cyclicals,True
BESS,Batulicin Nusantara Maritim Tb,Energy,True
AMAN,Makmur Berkah Amanda Tbk.,Properties & Real Estate,True
CARE,Metro Healthcare Indonesia Tbk,Healthcare,True
PIPA,Multi Makmur Lemindo Tbk.,Industrials,True
NCKL,Trimegah Bangun Persada Tbk.,Basic Materials,True
MENN,Menn Teknologi Indonesia Tbk.,Technology,False
AWAN,Era Digital Media Tbk.,Technology,True
MBMA,Merdeka Battery Materials Tbk.,Basic Materials,True
RAAM,Tripar Multivision Plus Tbk.,Consumer Cyclicals,True
DOOH,Era Media Sejahtera Tbk.,Consumer Cyclicals,True
CGAS,Citra Nusantara Gemilang Tbk.,Energy,True
NICE,Adhi Kartiko Pratama Tbk.,Basic Materials,True
MSJA,Multi Spunindo Jaya Tbk.,Consumer Non-Cyclicals,True
SMLE,Sinergi Multi Lestarindo Tbk.,Basic Materials,True
ACRO,Samcro Hyosung Adilestari Tbk.,Consumer Cyclicals,False
MANG,Manggung Polahraya Tbk.,Infrastructures,False
WIFI,Solusi Sinergi Digital Tbk.,Technology,True
FAPA,FAP Agri Tbk.,Consumer Non-Cyclicals,False
DCII,DCI Indonesia Tbk.,Technology,True
KETR,Ketrosden Triasmitra Tbk.,Infrastructures,True
DGNS,Diagnos Laboratorium Utama Tbk,Healthcare,True
UFOE,Damai Sejahtera Abadi Tbk.,Consumer Cyclicals,True
CHEK,Diastika Biotekindo Tbk.,Healthcare,True
PMUI,Prima Multi Usaha Indonesia Tb,Consumer Cyclicals,True
EMAS,Merdeka Gold Resources Tbk.,Basic Materials,False
PJHB,Pelayaran Jaya Hidup Baru Tbk.,Transportation & Logistic,True
RLCO,Abadi Lestari Indonesia Tbk.,Consumer Non-Cyclicals,False
SUPA,Super Bank Indonesia Tbk.,Financials,False
WBSA,BSA Logistics Indonesia Tbk.,Transportation & Logistic,True
JECX,Nitrasanata Dharma Tbk.,Healthcare,False
JELI,Niramas Utama Tbk.,Consumer Non-Cyclicals,False
EMMI,Esa Medika Mandiri Tbk.,Healthcare,False
BACH,Bach Multi Global Tbk.,Industrials,False
PRDL,Prodia Diagnostic Line Tbk.,Healthcare,False
RANS,Rans Entertainmen Indonesia Tb,Consumer Cyclicals,False
WMPP,Widodo Makmur Perkasa Tbk.,Consumer Non-Cyclicals,False
RMKE,RMK Energy Tbk.,Energy,True
OBMD,OBM Drilchem Tbk.,Basic Materials,True
AVIA,Avia Avian Tbk.,Basic Materials,True
IPPE,Indo Pureco Pratama Tbk.,Consumer Non-Cyclicals,False
NASI,Wahana Inti Makmur Tbk.,Consumer Non-Cyclicals,True
BSML,Bintang Samudera Mandiri Lines,Energy,True
DRMA,Dharma Polimetal Tbk.,Consumer Cyclicals,True
ADMF,Adira Dinamika Multi Finance T,Financials,False
ADMG,Polychem Indonesia Tbk,Basic Materials,True
ADRO,Alamtri Resources Indonesia Tb,Energy,True
AGII,Samator Indo Gas Tbk.,Basic Materials,True
AGRO,Bank Raya Indonesia Tbk.,Financials,False
AGRS,Bank IBK Indonesia Tbk.,Financials,False
AHAP,Asuransi Harta Aman Pratama Tb,Financials,False
AIMS,Artha Mahiya Investama Tbk.,Energy,True
PNSE,Pudjiadi & Sons Tbk.,Consumer Cyclicals,True
POLY,Asia Pacific Fibers Tbk,Consumer Cyclicals,False
POOL,Pool Advista Indonesia Tbk.,Financials,False
PPRO,PP Properti Tbk.,Properties & Real Estate,True
